<?xml version='1.1' encoding='UTF-8'?>
<project>
  <actions/>
  <description></description>
  <keepDependencies>false</keepDependencies>
  <properties>
    <com.coravy.hudson.plugins.github.GithubProjectProperty plugin="github@1.29.4">
      <projectUrl>https://github.com/AyahElSamadoni/FrontEnd/</projectUrl>
      <displayName></displayName>
    </com.coravy.hudson.plugins.github.GithubProjectProperty>
  </properties>
  <scm class="hudson.plugins.git.GitSCM" plugin="git@3.9.3">
    <configVersion>2</configVersion>
    <userRemoteConfigs>
      <hudson.plugins.git.UserRemoteConfig>
        <url>https://ayahelsamadoni:ayahsamadoni1@github.com/AyahElSamadoni/FrontEnd</url>
      </hudson.plugins.git.UserRemoteConfig>
    </userRemoteConfigs>
    <branches>
      <hudson.plugins.git.BranchSpec>
        <name>*/master</name>
      </hudson.plugins.git.BranchSpec>
    </branches>
    <doGenerateSubmoduleConfigurations>false</doGenerateSubmoduleConfigurations>
    <submoduleCfg class="list"/>
    <extensions/>
  </scm>
  <canRoam>true</canRoam>
  <disabled>false</disabled>
  <blockBuildWhenDownstreamBuilding>false</blockBuildWhenDownstreamBuilding>
  <blockBuildWhenUpstreamBuilding>false</blockBuildWhenUpstreamBuilding>
  <triggers>
    <com.cloudbees.jenkins.GitHubPushTrigger plugin="github@1.29.4">
      <spec></spec>
    </com.cloudbees.jenkins.GitHubPushTrigger>
  </triggers>
  <concurrentBuild>false</concurrentBuild>
  <builders>
    <hudson.tasks.Shell>
      <command>git clone https://ayahelsamadoni:ayahsamadoni1@github.com/AyahElSamadoni/FrontEnd</command>
    </hudson.tasks.Shell>
  </builders>
  <publishers/>
  <buildWrappers/>
</project>